image number,quote
IMG_1.jpg,"   In the stillness of solitude, knowledge blooms louder than the world outside”"
IMG_2.jpg,"Lecture notes in one hand, chips in the other that’s balance.”"
IMG_3.jpg,Every step through these doors is a step closer to who we’re meant to be
IMG_4.jpg,"Dreams spark the vision, direction builds the career."
IMG_5.jpg,"A quiet corner, a book, and endless horizons."
IMG_6.jpg,"“Plans, laughter, and endless possibilities with friends.”"
IMG_7.jpg,“Knowledge shared is knowledge doubled.”
IMG_8.jpg,“These pathways echo with student journeys.”
IMG_9.jpg,“Between bugs and breakthroughs.”
IMG_10.jpg,“Balancing lectures and matches.”
IMG_11.jpg,"Campus paths, endless stories."
IMG_12.jpg,"Coffee, food, and endless conversations."
IMG_13.jpg,"Not just theory, but hands-on reality."
IMG_14.jpg,"Early mornings, sleepy rides, endless memories."
IMG_15.jpg,"Under the shade of memories."
